edges,nodes,diameter,coefficient,hashtags
252,35,2,0.9825311942959002,exoneratedfive exonerated5 paperback Ø§Ø®Ø¨Ø§Ø± kuwait giversgain may18 kuwaitcity yallready alert nonprofit bnb sold thepowerofhope survivor Ø§Ø®Ø¨Ø§Ø±_Ø§Ù„ÙƒÙˆÙŠØª moi ÙƒÙˆÙŠØª_Ø§Ù„ÙŠÙˆÙ… wedding contactus racialjustice today latestnews livingonpurpose assist theveteransranch masaha everywhere powerpost punchingtheair justice gunfire newbook betternotbitter Ø§Ù„ÙƒÙˆÙŠØª 
18553,1868,5,0.8386111697118745,secret30m guncontroldoesntwork nuclearwar lies inwazja putinswar ccj thermal nda tÃ¼rkei veteran devops borgonovo à¸¢à¸¹à¹€à¸„à¸£à¸™ fpsgaming ãƒ­ã‚·ã‚¢è»ã‚¦ã‚¯ãƒ©ã‚¤ãƒŠè»äº‹ä¾µæ”» wehrmacht azov slavaukrayini bitcoin Ø±ÙˆØ³ÙŠØ§ ĞºÑ€ĞµĞ´Ğ¸Ñ‚Ğ´Ğ¾10000Ğ½Ğ°ĞºĞ°Ñ€Ñ‚Ñƒ strongertogether tramway activism police Ğ½ĞµÑ‚Ğ²Ğ¾Ğ¹Ğ½Ğµ tanks russianmilitary fighting chechenia chernihiv bidencheated skadovsk traselvalle nikolaev icis jammukashmir ukrainianwar wojnawukrainie wednesdayfeeling monitoring dnipro mariupole mafia ĞºÑ€ĞµĞ´Ğ¸Ñ‚Ğ¾Ğ½Ğ»Ğ°Ğ¹Ğ½Ğ½Ğ°ĞºĞ°Ñ€Ñ‚ÑƒĞ½Ğ°Ñ€Ñ–Ğº Î¿Ï…ÎºÏÎ±Î½Î¹Î± internationalasexualityday russianstate agriculture cronaca g7 ucrainalibera youtube nodejs hanfordtradetweets covid19 bucharest ç´§æ€¥æ•‘æ´ kertch sugar duma angola straykids trumpcult wrongdoing Ğ³Ñ€Ğ¾ÑˆÑ–Ğ¾Ğ½Ğ»Ğ°Ğ¹Ğ½Ğ´Ñ–Ğ½ĞµĞ¹Ñ€Ğ¾ 20deabril missmydad myanmar shanghai ww2 farehamutd cybernews estadoalarma specialforce olympics neo_nazis webdevelopment stoprussian hundreds turchia eu proof sprut nancypelosi devil ukrainehelp religious genocideofukrainians russianinvasion luxury engineersjournal defensetech domesticviolence kreditgroupĞ²Ğ·ÑÑ‚ÑŒĞºÑ€ĞµĞ´Ğ¸Ñ‚ russianwarcrimes airplanes children moon militaryvehicles moscu norway medical pows armedforces shadowgovernment ÑˆĞ²Ğ¸Ğ´ĞºĞ¸Ğ¹ĞºÑ€ĞµĞ´Ğ¸Ñ‚Ğ½Ğ°ĞºĞ°Ñ€Ñ‚ĞºÑƒĞ¾Ğ½Ğ»Ğ°Ğ¹Ğ½ republicofchina aid western olafscholz nc14 turkki follow mÃ©tÃ©o ctk Ğ¾Ğ½Ğ»Ğ°Ğ¹Ğ½ĞºÑ€ĞµĞ´Ğ¸Ñ‚2020 weareallidrissa ÑƒĞºÑ€Ğ°Ğ¹Ğ½Ğ° frexit siberia ballistichelmet bukovyna zaĞ´Ğ½Ñ€ horn documentary ÑĞ¿ĞµÑ†Ğ¾Ğ¿ĞµÑ€Ğ°Ñ†Ğ¸Ñ adult angel dnp nation finlandnato azovnazis euro hatespeech haland russianpropaganda humanrights ksurendran europeanunion tweetswithhanford ap ì•„ë¯¸ lebanon_tennessee rage grafenwoehr volgadoncanal shares cbs ghost ukraina bbcnews javascript afsoc Ø§Ù†ØªØ®Ø§Ø¨Ø§Øª_Ù„Ø¨Ù†Ø§Ù†_2022 ĞºÑ€ĞµĞ´Ğ¸Ñ‚Ğ¸Ğ½Ğ°ĞºĞ°Ñ€Ñ‚ÑƒĞ¾Ğ½Ğ»Ğ°Ğ¹Ğ½ fascisti covid19nl russiaukraineconflict asowstal warcrimes idahobit htubcnhfwbzfktrcrhtlbn Ğ²Ğ·ÑÑ‚Ğ¸Ğ¾Ğ½Ğ»Ğ°Ğ¹Ğ½ĞºÑ€ĞµĞ´Ğ¸Ñ‚Ğ½Ğ°ĞºĞ°Ñ€Ñ‚Ñƒ reservists ëŸ¬ì‹œì•„êµ°ìš°í¬ë¼ì´ë‚˜ì¹¨ê³µ we_ukraine reconnaissance budapest indiansecurity cms kamalhaasan tactics usairforce cannes fiosofÃ­a rafale 560daysoftigraygenocide villarreal mail stealth izium doge slavaukraini digital nuclear berlinguer alumnos svezia courage bitcoinhalf fbpe ukrainetoday Ñ…ĞµÑ€ÑĞ¾Ğ½ÑĞºÑƒÑ gofuckyourself ĞºÑ€ĞµĞ´Ğ¸Ñ‚Ğ½Ğ°Ñ€Ñ–ĞºĞ½Ğ°ĞºĞ°Ñ€Ñ‚Ñƒ equality digitalresistance kraken keepitclean entertainment ukrainenews perarivalanrelease ruggeri safe mcdonalds azovbattalion pakistan saveazov sanctions amsterdam pmqs terr0rism ukrainian etherum izyum conservation android veteransupport denazifyukraine primapagina itn boost johnlewis guerra azov_sea kurakhove ÑƒĞºÑ€Ğ°Ğ¸Ğ½Ğ° mitesoro yevpatoriya streamlight unitedstates æ³•æ²»åŸºé‡‘ shitrussia unioneuropea ucrainewar putinswarcrimes povertyinarabstates funny gop com 500daysoftigraygenocide kyivhamburg affecting marsoc ancientgreece stahlwerk vehicles beef capitulated creditĞ½Ğ°ĞºĞ°Ñ€Ñ‚Ñƒ chinese handgun ĞºĞ¾ĞºĞ»Ğ°Ğ½ĞºÑ€ĞµĞ´Ğ¸Ñ‚ giweaways dovhenke ĞºÑ€ĞµĞ´Ğ¸Ñ‚online economy prisonniers prayer 16maggio pentagon lord assedio roman iot sustainability kriegukraine azovsea mykolayiv belgorod wearenato 2amendment refugeeswelcome Ğ´Ğ¾Ğ²Ğ³ĞµĞ½ÑŒĞºĞµ goodpods meal armymodernization ukrainekrieg fjb egodemic wrangler canale28 chechens gettr ukraineli Ğ°Ğ·Ğ¾Ğ²ÑÑ‚Ğ°Ğ»ÑŒ ÏÏ‰ÏƒÎ¯Î± nftcommunitys Ğ²Ğ·ÑÑ‚Ğ¸Ğ³Ñ€Ğ¾ÑˆÑ–Ğ²ĞºÑ€ĞµĞ´Ğ¸Ñ‚Ğ¾Ğ½Ğ»Ğ°Ğ¹Ğ½ ruotsi horlivka dnipr vaccines zolote f35 intense groups generation insurtech britishredcross xmr gunfreezonesdontwork odesa ÑˆĞ²Ğ¸Ğ´ĞºĞ¾Ğ³Ñ€Ğ¾ÑˆÑ–Ğ¾Ğ½Ğ»Ğ°Ğ¹Ğ½Ğ·Ğ°ÑĞ²ĞºĞ° oms è¿™æ˜¯æˆ‘ä»¬æœ€åä¸€ä»£ primaryarms drudge ukrainienne eurosatory2022 displaced armyveteran Ğ¾Ğ»ĞµĞ½Ñ–Ğ²ĞºĞ° humanaid kievgram ventesarmes warisnottheanswer giftsofukraine mma oekraÃ¯ne ukrainerussiacrisis fight chrome escudos cia ministry musique day Ğ¾Ğ½Ğ»Ğ°Ğ¹Ğ½ĞºÑ€ĞµĞ´Ğ¸Ñ‚Ğ½Ğ°ĞºĞ°Ñ€Ñ‚ÑƒÑƒĞºÑ€Ğ°Ğ¸Ğ½Ğ° armyukraine riodejaneiro swiftresponse 8marzo2022 finlandia facetrial Ğ³Ñ€Ğ¾ÑˆÑ–Ğ½Ğ°ĞºĞ°Ñ€Ñ‚ĞºÑƒĞ¾Ğ½Ğ»Ğ°Ğ¹Ğ½ĞºÑ€ĞµĞ´Ğ¸Ñ‚ azovstalextraction darpa porn stopputin thesun maythe4thbewithyou holodomor revival swat forumvtol lieutenantcolonel Ğ¼Ñ–Ğ½Ñ–ĞºÑ€ĞµĞ´Ğ¸Ñ‚Ğ¾Ğ½Ğ»Ğ°Ğ¹Ğ½ lviv archaeology wheat japan nsg dw nazinukraine feedmile sweden Ğ¼Ğ°Ğ»ÑĞ½Ğ¾Ğº positivos indianarmylovers newfederalstateofchina ghostofkyiv planes u Ğ¼Ğ°Ğ½Ğ¸Ğ²ĞµĞ¾ĞºÑ€ĞµĞ´Ğ¸Ñ‚ÑƒĞºÑ€Ğ°Ğ¸Ğ½Ğ° forex warinukraine galvanize francia azovstal recon Ğ¾Ğ½Ğ»Ğ°Ğ¹Ğ½ĞºÑ€ĞµĞ´Ğ¸Ñ‚Ğ½Ğ°ĞºĞ°Ñ€Ñ‚ÑƒÑƒĞºÑ€Ğ°Ñ—Ğ½Ğ° brussel spartan ĞµĞ»ĞµĞ½Ğ¾Ğ²ĞºĞ° politico delicious freedomisnotfree disciplinary conceal ships international indiannavy saberstrike saudi criminalputin putinisawarcriminal Ğ±ĞµĞ»Ğ³Ğ¾Ñ€Ğ¾Ğ´514 yavoriv plusqueraslebol putinbutcher wearedonetalking leovice standwithukraine kherson swedennato ĞºÑ€ĞµĞ´Ğ¸Ñ‚Ğ¸Ğ½Ğ°ĞºĞ°Ñ€Ñ‚ĞºÑƒĞ¾Ğ½Ğ»Ğ°Ğ¹Ğ½ vietnamwar enlisted msnbc m777 zadira denmark taxpayers death freeukraine taliban romanarchaeology wojna nomockal orikhove hqwestrencommand helpukraine ukrainehotline ĞºÑ€ĞµĞ´Ğ¸Ñ‚Ğ¾Ğ½Ğ»Ğ°Ğ¹Ğ½Ğ½Ğ°ĞºĞ°Ñ€Ñ‚ĞºÑƒ yuryborisov russia nazisinukraine bern nfscnews 559daysoftigraygenocide whatshappeninginmyanmar ports beautiful marnero bucha internationalcourtofjustice victoryday likes madrastribune ukrainerussiawar tank stefania german exclusive ursulavonderleyen berdiansk enforcement breaking toquequeda kurdish kremlin livefree ucrania Ğ»ÑƒĞºĞ°ÑˆĞµĞ½ĞºĞ¾ mremeraldcoast ukraineisstrong guerreukraine gratitiude inflation afp ukrainewillwin ww3 revolution Ğ¼Ñ–Ğ»Ğ¾Ğ°Ğ½Ğ¾ÑĞ¾Ğ±Ğ¸ÑÑ‚Ğ¸Ğ¹ĞºĞ°Ğ±Ñ–Ğ½ĞµÑ‚ zaporizhia weekend emeraldcoast notmeus profits militarygear kyivdiary f1 macron prices luna Ğ½Ğ¾Ğ²Ğ¾ÑÑ‚Ğ¸ specialtactics puppy letmypeoplego worldcitizens felizmiercoles Ğ¼Ğ°Ñ€Ñ–ÑƒĞ¿Ğ¾Ğ»ÑŒ pj missile help slovyansk ĞºĞ¸ĞµĞ²Ğµ putinwarcriminal helstar6 suecia stoputin bri greenberetfoundation newera pkk aldoushuxley migration2022 raped ĞºÑ€ĞµĞ´Ğ¸Ñ‚Ğ¾Ğ½Ğ»Ğ°Ğ¹Ğ½Ğ½Ğ°Ğ³Ğ¾Ğ´ÑƒĞºÑ€Ğ°Ğ¸Ğ½Ğ° mod 2022midterms deathmetal Ğ²ÑÑƒ ukronazis costoflivingcrisis france togetherwestand dove walterreport cookother life ĞºÑ€ĞµĞ´Ğ¸Ñ‚Ğ½Ğ°ĞºĞ°Ñ€Ñ‚Ñƒcredit10 supportourtroops ukraineparliament love politics ucranianazi ucraina island curiosities vsu ukrainerussiaconflict bayraktartb2 resa alantitschmarsh ldnr standstrong makarov moscow standwithputin indian criptomoneda russie blacksea nfscrescue ukrainiens boristheliar attackonukraine ukriane buffalony soldaten coresurvival brussels iheartradio Ğ²Ğ·ÑÑ‚Ğ¸Ğ¿Ğ¾Ğ·Ğ¸ĞºÑƒĞ¾Ğ½Ğ»Ğ°Ğ¹Ğ½ barber ÑˆĞ²Ğ¸Ğ´ĞºĞ¸Ğ¹Ğ·Ğ°Ğ¹Ğ¼Ğ½Ğ°ĞºĞ°Ñ€Ñ‚ĞºÑƒ hunterbidenlaptop ĞºÑ€ĞµĞ´Ğ¸Ñ‚Ğ¾Ğ½ express tortured annexing flightradar24 ukraineevac australia rip machinelearning sundayshare iceland azovpolk pork responsiblyarmed diplomacy vladimirputin genocide_ukainians napoleonic æ–°ä¸­å›½è”é‚¦ kharkiv abuja cartabianca crimedeguerre teamsill rubizhne Ñ€ÑƒÑÑĞºĞ¸ĞµĞ·Ğ°Ñ…Ğ²Ğ°Ñ‚Ñ‡Ğ¸ĞºĞ¸ ukrainevsrussia nfsc dead popasnaya depopulation krieg dogoargentino braves desinformation éº»è±† intheshed marin fox cybersecurity ausgov hunterbiden ammunition extraction_the_military_of_matiupol reflexiones otan fascism crimesagainsthumanity odessa music estonia workoutwednesday Î¿Ï…ÎºÏÎ±Î½Î¯Î± integrityplease avdiivka khashoggi cannes2022 armee ĞºÑ€ĞµĞ´Ğ¸Ñ‚Ğ½Ğ°Ğ³Ğ¾Ğ´Ğ¾Ğ½Ğ»Ğ°Ğ¹Ğ½ terceraguerramundial ukrainesky madrid donne sofic maria russian sunflowers standupforukraine russ corriere weareallukrainians secret23m yara exercises ukrainianarmy serviceaboveself z Î¶ÎµÎ»ÎµÎ½ÏƒÎºÎ¹ vovchansk polygonnft à¸à¸­à¸‡à¸—à¸±à¸à¸£à¸±à¸ªà¹€à¸‹à¸µà¸¢à¸šà¸¸à¸à¸¢à¸¹à¹€à¸„à¸£à¸™ ĞºÑ€ĞµĞ´Ğ¸Ñ‚Ğ¾Ğ½Ğ»Ğ°Ğ¹Ğ½Ğ½Ğ°1Ñ€Ñ–Ğº byebyeturkey glorytoukraine Ğ²ÑÑ–ĞºÑ€ĞµĞ´Ğ¸Ñ‚Ğ¸Ğ¾Ğ½Ğ»Ğ°Ğ¹Ğ½Ğ½Ğ°ĞºĞ°Ñ€Ñ‚Ñƒ lanochedchanel neonazis morrison jãƒªãƒ¼ã‚° rosjaukraina iraq forte11 paranormal nazi flashback comics groundforce bitcoinmining Ğ¿ÑƒÑ‚Ğ¸Ğ½ Ğ±Ğ°Ğ½ĞºĞºÑ€ĞµĞ´Ğ¸Ñ‚Ğ¾Ğ½Ğ»Ğ°Ğ¹Ğ½ yours flashpoint resistance rzeszÃ³w russes indianarmy ucraine kenya lublin mondo Ğ¾Ğ´ĞµÑÑĞ° wealth austrian uaf Ø§Ù…Ù¾ÙˆØ±Ù¹Úˆ_Ø­Ú©ÙˆÙ…Øª_Ù†Ø§Ù…Ù†Ø¸ÙˆØ± islamicextremists london waruk russianshame capuozzo aiethics abu slavaukraÃ¯ni martedi tarwe disabilityadvocacy millionaire israel ä¿„ç¾…æ–¯è»éšŠå…¥ä¾µçƒå…‹è˜­ npr us laser ĞºÑ€ĞµĞ´Ğ¸Ñ‚Ğ½Ğ°ĞºĞ°Ñ€Ñ‚ĞºÑƒÑƒĞºÑ€Ğ°Ñ—Ğ½Ğ° Ñ€Ñ„ ukraineunderattack ĞºÑ€ĞµĞ´Ğ¸Ñ‚Ğ¾Ğ½Ğ»Ğ°Ğ¹Ğ½ÑƒĞºÑ€Ğ°Ğ¸Ğ½Ğ° russianagression food yelenovka russiawarcrimes video informaÃ§Ã£o supportukraine picoftheday humanitarianaid casado socom ruggieri coastal diainternacionaldelosmuseo Î½Î±Î¶Î¯ kharkhiv kievtoday ukraineunderattaÑk usatoday operators 18maggio igmilitia m5s generauxitaliens comandante we mykolaiv murray santiago un podgornoye åœ‹è»æ–°åˆ¶æ•™å¬è¨“ç·´å°ˆé¡Œå ±å° Ñ‚ÑĞ½ womeninnfts kharkov stoprussianwar otancriminal sof ukrainerussie byzantine ukrainesoldiers wednesdaythought vienna business dividends deoppressoliber ĞºÑ€ĞµĞ´Ğ¸Ñ‚10000Ğ³Ñ€Ğ½Ğ½Ğ°ĞºĞ°Ñ€Ñ‚Ñƒ ua heart miltwitter Ğ¼Ñ–ĞºÑ€Ğ¾ĞºÑ€ĞµĞ´Ğ¸Ñ‚Ğ½Ğ°ĞºĞ°Ñ€Ñ‚ÑƒĞ¾Ğ½Ğ»Ğ°Ğ¹Ğ½ russianaggression combatmission historic orsini dax ultimenotizie piquÃ© azovmash militaryexercise nftnews nazionalisti solidaritÃ© mbombe4 operationsafedrop zaporizhzhia ĞºÑ€ĞµĞ´Ğ¸Ñ‚365Ğ²Ñ…Ñ–Ğ´ pc intelligence ziza littleamal indianarmyinkashmir foodie dialyse taxlaw 18may Î½ÎµÎ¿Î½Î±Î¶Î¹ borodyanka infographic stitcher bandÃ©ristes horns kiyv belarusresistance bomb ĞºÑ€ĞµĞ´Ğ¸Ñ‚Ğ¾Ğ½Ğ»Ğ°Ğ¹Ğ½Ğ²Ğ½Ğ¾Ñ‡Ñ– crpf 4yearswithlytear ä¸–ç•Œå¹³å’Œã‚’é¡˜ã† azovbrigade toproino you defense moonknight assange war usaf cnbc investments ayuso russiaukrainewar sukhanov dombass sbu destroyed thosethatdied allies putingenocide airsoftburgos milesforrefugees secret2m saveasov rubli bfm bbc whitneywright stoprussianow electronics vets zcash ĞºÑ€ĞµĞ´Ğ¸Ñ‚10000Ğ¾Ğ½Ğ»Ğ°Ğ¹Ğ½Ğ½Ğ°ĞºĞ°Ñ€Ñ‚ÑƒÑƒĞºÑ€Ğ°Ğ¸Ğ½Ğ° takedowntheevilccp tuesday notiziario forwardobservationsgroup poetry mariupol_live holiday hanfordandcompany bynong micropoetry russianforces building wesanderson smo toquedequeda jeep londoneye scientists tacticalhelmet lbc Ğ¿ÑƒÑ‚Ğ¸Ğ½Ğ° sex usmc misinformation rpl 558daysoftigraygenocide stoprussia navyseals marioupol criminal tactical artistontwitter offensive indiegames washingtonlies newyorktimes Ï€Î¿Ï…Ï„Î¹Î½ bankruptcylaw american kiev milano bbcradio4 stopwarinukraine yummy unclear ukraineinfos ukrainians stoltenberg democracynowforsome passiveincome options ukrainwar palestine want owngoal afd gunviolence jaihind auspol victorianuland greece Ğ¾ĞºĞºÑƒĞ¿Ğ°Ñ†Ğ¸Ñ swedish freedom guerraucraina Ñ€ÑƒÑĞ½Ñ–Ğ¿Ğ¸Ğ·Ğ´Ğ° brazil potus ukrainerussia terrorists worldnews anmnews ÙƒÙŠÙŠÙ zelenskyy_war_criminal Ğ³Ñ€Ğ¾ÑˆÑ–Ğ²ĞºÑ€ĞµĞ´Ğ¸Ñ‚Ğ¾Ğ½Ğ»Ğ°Ğ¹Ğ½Ğ½Ğ°ĞºĞ°Ñ€Ñ‚Ñƒ fifa latvia switzerland belarus cnn quote moscÃº england ukraineï¸ schweden krig army panda szwecja donetsk kramatorsk occupation difesa lugansk ukrainianwomen documentaryphotography materiel stoprussiaaggression putinnazi egypt shorts optics phosphorous genocide delhi popasna fuckputin lapalma donbas jerkaoke innerwar cardanocommunity ukrainewillresist utrust shibarmy thailand arctic investment russo ruggedlikeyou mariÃºpol Ï€Î¿Î»ÎµÎ¼Î¿Ï‚ internationaltrade pushilin save mariupoldefence masksinschools abolishnato gnews roma biden spotify viral report Î¿Î´Î·ÏƒÏƒÏŒÏ‚ warcrimesrussia cuba rusiavsukaina mexico johnson zolotoe endorsement ucraini session savemariupol dpr Ğ²Ğ·ÑÑ‚Ğ¸ĞºÑ€ĞµĞ´Ğ¸Ñ‚Ğ¾Ğ½Ğ»Ğ°Ğ¹Ğ½ btsãƒãƒ‹ã‚¢ãªã‚“ã§ã™ã‹ humanstupidity portocanal sannamarin modelmediaus foodsecurity china onu narendramodi afghanistan training deeplearning infosec nikiforov backsea cake guerrerussieukraine cannes22 kashmir ukraineconflict americafirst muslims ic trending rusland siberian mykolajiw watchdog chechen spd russianarmy adrianbocquet slavaukraine Ğ²Ğ¾Ğ¹Ğ½Ğ°ÑÑƒĞºÑ€Ğ°Ğ¸Ğ½Ğ¾Ğ¹ bsf arcelormittal proofofinspiration combatarea notes military firstperson concealedcarry fsb amberheardisaliar soldats whistleblowermovement turkey washington coldwar markgitelman ĞºÑ€ĞµĞ´Ğ¸Ñ‚ berne reportagespotlight nigeria Ğ¾Ğ½Ğ»Ğ°Ğ¹Ğ½ĞºÑ€ĞµĞ´Ğ¸Ñ‚ÑƒĞºÑ€Ğ°Ğ¸Ğ½Ğ° geneva dstv azovstai proud world ÎµÎ»Î»Î·Î½Î¹ÏƒÎ¼Î¿Ï‚ naziukraine russi satellites putinlies abuelos russianspeaking lockstep contagios parasf ukrainewar helicopter victoryalbum Ğ²Ñ‚Ğ¾Ñ€Ğ¶ĞµĞ½Ğ¸ĞµÑ€Ğ¾ÑÑĞ¸Ğ¸ metsola russiainvadedukraine bahmut è»èç¤¾ criminidiguerra mh17 paris nowar civilpractice ĞºÑ€ĞµĞ´Ğ¸Ñ‚Ğ¸Ğ½Ğ°ĞºĞ°Ñ€Ñ‚ÑƒÑÑ€Ğ¾Ñ‡Ğ½Ğ¾ carryeverywhere democracynotautocracy dog Ğ½Ğ¾ÑÑ‚Ğ°Ğ»ÑŒĞ³Ğ¸Ñ wagnergroup readthis Î½Î±Ï„Î¿ carryeveryday womeninnft uniform burgos victory conflict spaceforce tevda300 isis lithuania azovbatallion propaganda protectourcountry vladimir splurges roiii scottish eurovision ÑƒĞºÑ€Ğ°Ñ—Ğ½Ğ° civilians mine trump papertiger sources culture warcriminal powder press polska surrendered facebook thÃ©Ã¢tre control harkov putin negotiation trendingnow putinbridge mission pacific rojava berlin wars gunporn joy deutschland ustroops scholz ukrainereddit neonaziz makeadifference newzealand cannesfilmfestival helstar seoul european rolfrescue Ğ±Ğ°Ğ½ĞºĞ°Ğ»ĞµĞºÑĞºÑ€ĞµĞ´Ğ¸Ñ‚ guerrarusiaucrania vaccine gogland russiansoldiers girls capitalism ga4 diritto ã†ãƒ¼ã“ infantry comebackalive lrrp telegraph lÃ©gislatives2022 negociacionesdepaz nightgame indopacific west Ğ³Ñ€Ğ¾ÑˆÑ–ĞºÑ€ĞµĞ´Ğ¸Ñ‚Ğ¾Ğ½Ğ»Ğ°Ğ¹Ğ½ discipline Ø¥Ù†Ø§_Ù„Ù„Ù‡_ÙˆØ¥Ù†Ø§_Ø¥Ù„ÙŠÙ‡_Ø±Ø§Ø¬Ø¹ÙˆÙ† blm kyrgyzstan fÃ¶rsvarsminister newsmax puls24 lisichansk Ğ»ÑƒĞ³Ğ°Ğ½ÑĞº kalush frencharmy osint attorney russe futile russiaukraine python closetheskyoverukraine armytraining Î½ÎµÎ±_Ï„Î±Î¾Î· netflix ÑƒÑ€Ğ°Ñ—Ğ½Ğ° np terrorist nsa eurovision2022 mentaldemise donbasswar martiallaw grain gb searchengine evrovision2022 ssb internetlaw ĞºÑ€ĞµĞ´Ğ¸Ñ‚5000Ğ³Ñ€Ğ½ insurrection ruaf ukrainehh rotaryclub somalia photojournalism Î±ÏÏ‡Î±Î¹Î¿Î»Î¿Î³Î¹Î± moscou newsnight ĞºÑ€ĞµĞ´Ğ¸Ñ‚Ğ¾Ğ½Ğ»Ğ°Ğ¹Ğ½Ğ¼Ğ°Ğ½Ğ¸Ğ²ĞµĞ¾ surrender belgium covid lasers wwiii tps ã‚¦ã‚¯ãƒ©ã‚¤ãƒŠ threatintel deptvetaffairs crt recipe acting trumpendorsement peace erdogan newsmap mariupol donbass denazification lavrov aleppo guernica Ğ°Ğ¼ĞµÑ€Ğ¸ĞºĞ° ĞºÑ€ĞµĞ´Ğ¸Ñ‚10000Ğ³Ñ€Ğ½ russieukraine isveÃ§ chromebook money Ğ¾Ğ½Ğ»Ğ°Ğ¹Ğ½ĞºÑ€ĞµĞ´Ğ¸Ñ‚Ğ½Ğ°ĞºĞ°Ñ€Ñ‚ĞºÑƒ ç²®é£Ÿå±æœº guerraenucrania poem pfizer ä¹Œå…‹å…° chernobyl wapo entreprenuer windows ljubljana body czechrepublic america sonics Ğ·ÑÑƒ helstar4exo standwithukraineï¸ guardian ukrainedeutsch soldier armukrainenow riga festivalcannes Ğ¼Ñ–ĞºÑ€Ğ¾ĞºÑ€ĞµĞ´Ğ¸Ñ‚Ğ¾Ğ½Ğ»Ğ°Ğ¹Ğ½Ğ½Ğ°ĞºĞ°Ñ€Ñ‚Ñƒ courpenaleinternationale 10thclass 100daysofcode firearmstraining specialforcesgroup Î¼Î±ÏÎ¹Î¿ÏÏ€Î¿Î»Î· twitch putinwarcrimes syrian freesent warriors uk zelensky oil warinukrain sanitaire poland ipadnotes militaryoperations usa cumple gbnews peacewarriors Ñ€Ğ¾ÑÑĞ¸ÑÑĞ¼Ğ¾Ñ‚Ñ€Ğ¸ ukrainelive kievĞ° armystrong ncc warukraine giornalista ottconference luhansk applepodcasts melitopol tools ukrainefaces belgrade weapons videos earth Ğ¼Ğ¾ÑĞºĞ²Ğ° navy antisemitism indianairforce commando Ğ³Ñ€Ğ¾ÑˆÑ–Ğ²ĞºÑ€ĞµĞ´Ğ¸Ñ‚Ğ¾Ğ½Ğ»Ğ°Ğ¹Ğ½Ğ½Ğ°ĞºĞ°Ñ€Ñ‚ĞºÑƒ Ğ³Ñ€Ğ¾ÑˆÑ–Ğ²ĞºÑ€ĞµĞ´Ğ¸Ñ‚Ğ½Ğ°ĞºĞ°Ñ€Ñ‚Ğ¾Ñ‡ĞºÑƒ flir syria vadimshishimarin dnipier asovstal forextrading stopputinnow guerre tigraycantwait india paracommando security Ğ½Ğ¾Ğ²Ğ¸Ğ¹ĞºÑ€ĞµĞ´Ğ¸Ñ‚Ğ½Ğ°ĞºĞ°Ñ€Ñ‚Ñƒ pewpewpew tajikistan saveazovstal freetips 561daysoftigraygenocide zentauron beach imrf Ğ²Ğ·ÑÑ‚Ğ¸ĞºÑ€ĞµĞ´Ğ¸Ñ‚Ğ¾Ğ½Ğ»Ğ°Ğ¹Ğ½Ğ½Ğ°ĞºĞ°Ñ€Ñ‚ÑƒÑƒĞºÑ€Ğ°Ñ—Ğ½Ğ° nocode germany unitednations gerd putincrime ucraniano vacunas lennartmericonference soundcloud posters athens tiktok coffee chupakhivka armoredvehicles ukrainecrisisappeal psychopathy armedforcesofukraine turkish liberte Ñ€Ğ¾ÑÑĞ¸ÑĞ´ÑƒĞ¼Ğ°Ğ¹ leopoli kreditonlineĞ½Ğ°ĞºĞ°Ñ€Ñ‚Ñƒ draghi bloomberg kyivgram nytimes ss taiwan prayforukraine storytelling fall caspiansea soldiers missiles telaviv newsbangla24 codenewbies aeronautics vivianaaronartis chowkidar nyhet ukrainestrong americanmilitary nfscukrainianrescuemission kriegsverbrecher donbassgenocide augmentedreality helstar5exo actor muslim Ğ°Ñ€Ğ¼Ñ–Ñ patriotsforlife cybersecurite russianukrainianwar climate mercenaires mop podcasts armylife wsj poutine allocating rendicion trolleybus putinspartners elonmusk Ğ³Ñ€Ğ¾ÑˆÑ–Ğ²ĞºÑ€ĞµĞ´Ğ¸Ñ‚Ğ½Ğ°ĞºĞ°Ñ€Ñ‚Ğ¾Ñ‡ĞºÑƒĞ¾Ğ½Ğ»Ğ°Ğ¹Ğ½ zelenskyy ausgovactnow humanity blinken polen Ğ³Ñ€Ğ¾ÑˆÑ–Ğ½Ğ°ĞºĞ°Ñ€Ñ‚ÑƒĞ¾Ğ½Ğ»Ğ°Ğ¹Ğ½ usembassy magazine stockmarket Î±Î¶Î¿Ï† giornalismo burtsknights marinsanna informazione trittin yĞºÑ€Ğ°Ñ—Ğ½ÑÑŒĞºĞ°aÑ€Ğ¼Ñ–Ñ centralasia why ã‚¦ã‚¯ãƒ©ã‚¤ãƒŠé ‘å¼µã‚Œ ukr cremlino russianwarcrimesinukraine saberyganar ukrine nomedalavida law redphase siamonoi thisisusfinalchapter atleti invasion europeo sofia bakloh wagner specialforces bersipa deadrussiansoldiers militaryukraine kyivphoto contagio rubels classic dti malaysia Ğ¿Ğ¾Ñ‚ĞµÑ€ÑŒĞ½ĞµÑ‚ iloverussia indiegamedev experience kazakhs kreminna azerbaijan selfiewithbook swizoĞºÑ€ĞµĞ´Ğ¸Ñ‚Ğ¾Ğ½Ğ»Ğ°Ğ¹Ğ½ evacuation newyork is Î¿Î·Îµ reuters prayers countryside guilty realtor stoprussianaggression Ñ…ĞµÑ€ÑĞ¾Ğ½ airforce Ø£ÙˆÙƒØ±Ø§Ù†ÙŠØ§ nvg estadodealarma coronavirus shameonyou occitanie vacuna snakeisland 557daysoftigraygenocide brutaldeathgrind drfauci cardano cat snack specialoperations markfrancois celtascortos borisjohnson khazarianmafia marekani bakhmut russen baltic å–œå¸ nazisti ukrainianswillresist icc defence kalushorchestra combatfootage novoazovsk battaglioneazov ceniza satcom suggestion lnr iran ĞºÑ€ĞµĞ´Ğ¸Ñ‚Ğ¾Ğ½Ğ»Ğ°Ğ¹Ğ½Ğ½Ğ°2Ñ€Ğ¾ĞºĞ¸ ocean nomore serbia eurovisionsongcontest firearm guerradonbass Ğ½Ğ°Ñ‚Ğ¾ share_if_you_agree formation sme ÑˆĞ²Ğ¸Ğ´ĞºĞ¸Ğ¹Ğ·Ğ°Ğ¹Ğ¼Ğ½Ğ°ĞºĞ°Ñ€Ñ‚Ñƒ reality stopwar rescue technews ÑĞºĞ¾Ñ„Ğ¾Ñ€Ğ¼Ğ¸Ñ‚Ğ¸ĞºÑ€ĞµĞ´Ğ¸Ñ‚Ğ¾Ğ½Ğ»Ğ°Ğ¹Ğ½ meaningoflife orcs 3d idontsupportnazis nordicbaltic glorytotheheroes ÑˆĞ²Ğ¸Ğ´ĞºĞ¸Ğ¹ĞºÑ€ĞµĞ´Ğ¸Ñ‚Ğ½Ğ°ĞºĞ°Ñ€Ñ‚ĞºÑƒ komodo ĞµĞ½ĞµÑ€Ğ³Ñ–Ñ kiew secret16m aaeevent nazis donbasstragedy supportmaria Ñ€Ğ¾ÑÑĞ¸Ñ Ğ²Ğ·ÑÑ‚ÑŒĞºÑ€ĞµĞ´Ğ¸Ñ‚Ğ¾Ğ½Ğ»Ğ°Ğ¹Ğ½Ğ½Ğ°ĞºĞ°Ñ€Ñ‚ĞºÑƒ nationalsecurity transnistria oleksandrmerezhko tortura smallstreamer mosca vietnam news sputnik kozlov infom brovary sofic2022 mundo f16v barzani election truck usnavy frankivskdramatheater severodonetsk ankara nbc ĞºÑ€ĞµĞ´Ğ¸Ñ‚Ğ½Ğ°ĞºĞ°Ñ€Ñ‚ÑƒÑ‚ĞµÑ€Ğ¼Ñ–Ğ½Ğ¾Ğ²Ğ¾ climatecrisis idrissaganagueye flag veterans finnland distancelearning 4millonesymÃ¡s unews haiku vehicle nyt noalaguerra lawyer prague women beijing medvedev damascus wednesdayvibe buchamassacre newspaper core_survival ruscism skynews verkhetoretskoye Ğ¾Ğ½Ğ»Ğ°Ğ¹Ğ½ĞºÑ€ĞµĞ´Ğ¸Ñ‚Ğ½Ğ°ĞºĞ°Ñ€Ñ‚Ñƒcredit10 dimaio russians criptomonedaseu graan ridicoli ukrainenachrichten æ–°ä¸­åœ‹è¯é‚¦ Ğ²Ğ·ÑÑ‚Ğ¸ĞºÑ€ĞµĞ´Ğ¸Ñ‚Ğ½Ğ°ĞºĞ°Ñ€Ñ‚Ğ¾Ñ‡ĞºÑƒ guerreenukraine satoshin friedrichmerz ukrainerussianwar philippines uae militer putinkiller warcrime womensart linke humanitycomesfirst Ğ´Ğ¾Ğ½ĞµÑ†Ğº prisoners goarmy notizie fascists Î½Ï„Ï€ ukrainiannews allowaccesstotigray scottritter tevda ukranians caspian allworldleaders btsnews sumy europeanequity biography ukrainecrisis prosperity ovni irpin Ğ²Ğ¾Ğ¹Ğ½Ğ° ĞºÑ€ĞµĞ´Ğ¸Ñ‚Ğ¾Ğ½Ğ»Ğ°Ğ¹Ğ½Ğ¼Ğ¸Ğ»Ğ¾Ğ°Ğ½ blogrb ĞºÑ€ĞµĞ´Ğ¸Ñ‚Ğ¾Ğ½Ğ»Ğ°Ğ¹Ğ½ finland pressrelease ĞºÑ€ĞµĞ´Ğ¸Ñ‚Ğ¾Ğ½Ğ»Ğ°Ğ¹Ğ½Ğ½Ğ°Ğ³Ğ¾Ğ´ memoir update armynation tech jesuschrist 4zaim space orekhovo ballecosmiche ĞºÑ€ĞµĞ´Ğ¸Ñ‚Ğ½Ğ°ĞºĞ°Ñ€Ñ‚ÑƒĞ½Ğ°Ñ€Ñ–Ğº greatreset saveukraine uscg maritime crimea volodin cumpleaÃ±os selenskyj Ğ½Ğ¾Ğ²Ğ¸Ğ½Ğ¸ killed cuaresma invested russianlosses Ğ²Ğ¾Ğ¹Ğ½Ğ°Ğ²ÑƒĞºÑ€Ğ°Ğ¸Ğ½Ğµ stocks msm lyman tagadala7 ukrainewarcrimes bangladesh ccw itbp 7maggio ĞºÑ€ĞµĞ´Ğ¸Ñ‚Ğ½Ğ°ĞºĞ°Ñ€Ñ‚ĞºÑƒĞ¾Ğ½Ğ»Ğ°Ğ¹Ğ½ all lawenforcement playlist armys italy cookies christ armyreserve tvp warinukraine2022 hts nazismo saveazovstaldefenders itvnews mariupolsurrendered ruleoflaw tigray force zelenskywarcriminal drone instagram covid_19 searchtwitter europe moskow Ğ³Ñ€Ğ¾ÑˆÑ–Ğ¾Ğ½Ğ»Ğ°Ğ¹Ğ½Ğ½Ğ°ĞºĞ°Ñ€Ñ‚Ğ¾Ñ‡ĞºÑƒ evasoriano nato oligarchsanctions jeeplife gasforrubles canada ukrainarussiawar oleksandrmotuzyanyk Î¼Ï€Î±Î¹Î½Ï„ÎµÎ½ naÅ¼ywo ĞºÑ€ĞµĞ´Ğ¸Ñ‚Ğ¾Ğ½Ğ»Ğ°Ğ¹Ğ½2020 covidãƒ¼19 ue scarifice kimseokjin dry ukraineactualites tigraygenocide ir dieseljeep steelplant cryptotrading diplomatici cycliste reportage ai slovakia tomorrow braveukraine finance bulgaria specops gruntlife diainternacionaldelamujer miercolesdeceniza russiansoldiergfy soledar ultimahora secret9m dnipropetrovsk alliance greenberets Ğ³ĞµĞ½Ğ¾Ñ†Ğ¸Ğ´Ñ€ÑƒÑÑĞºĞ¸ĞµĞ·Ğ°Ñ…Ğ²Ğ°Ñ‚Ñ‡Ğ¸ĞºĞ¸ erdoÄŸan nonalaguerre stopthewar moskva usarmy fintech rights hintnews evidence president Ğ¾Ğ½Ğ»Ğ°Ğ¹Ğ½ĞºÑ€ĞµĞ´Ğ¸Ñ‚ÑƒĞºÑ€Ğ°Ñ—Ğ½Ğ° ÏÏ‰ÏƒÎ¹Î± osseja ĞºÑ€ĞµĞ´Ğ¸Ñ‚Ğ½Ğ°Ñ€Ñ–ĞºĞ¾Ğ½Ğ»Ğ°Ğ¹Ğ½ shehulk deptofdefense kursk rosja jews alshabaab colonel gunssavelives crimes ĞºÑ€ĞµĞ´Ğ¸Ñ‚Ğ½Ğ°1000Ğ³Ñ€Ğ½ shishimarin ebay greenberet ukrainemap rpd amwriting ukraine spend azovstalsurrender geopolitiki ukrainearmy breakingnews environmental Ğ¾Ğ½Ğ»Ğ°Ğ¹Ğ½Ğ¿Ğ¾Ğ·Ğ¸ĞºĞ°Ğ½Ğ°ĞºĞ°Ñ€Ñ‚Ñƒ helicopters positivo ruleoflawfundation indianarmedforces bambini stole russiaukrainewarupdate kots multiverseofmadness fps polish buk amberturd Ğ¾Ğ»ĞµĞ½Ğ¾Ğ²ĞºĞ° nazism crisis lifestyle zelenski ukraineinvasion fertilizer georgian neonazi 25aÃ±ossaberyganar howitzers arms dnepropetrovsk magnitskyact pravda allegedwarcrimes cherkasy terzaguerramondiale neverforgotten internacional belgia journalism senjohnmccain crime foodinsecurity ecchi kyiv huffpost refugees cars westandwithukraine natofi azow Ğ¾Ğ½Ğ»Ğ°Ğ¹Ğ½ĞºÑ€ĞµĞ´Ğ¸Ñ‚24 shandrygolove restaurant blackseafleet lpr social support emmanuelmacron guns realestate zsu growth ucrÃ¢nia Ğ²Ñ–Ğ¹Ğ½Ğ° numbers Ñ€Ğ¾ÑÑĞ¸Ğ¹ÑĞºĞ¸Ğµ Ğ³Ñ€Ğ¾ÑˆÑ–Ğ²Ğ±Ğ¾Ñ€Ğ³Ğ½Ğ°ĞºĞ°Ñ€Ñ‚ÑƒĞ¾Ğ½Ğ»Ğ°Ğ¹Ğ½ help_azovstal_right_now tacticalgear border paramilitary bts_ukraine northcarolina militarystile ukrainede people invader2022 vivianaaronartist olenivka troops sofic22 putaniere sisters virtualreality rusia french billionaire ukrai oligarchs technology tv ĞºÑ€ĞµĞ´Ğ¸Ñ‚Ğ¾Ğ½Ğ¾Ñ€Ğ³ÑĞ° zar Ğ±ĞµĞ»Ğ³Ğ¾Ñ€Ğ¾Ğ´ trusty sabato russland warcoffee bandera nm armyfamily noodles ĞºÑ€ĞµĞ´Ğ¸Ñ‚Ğ´Ğ¾15000Ğ³Ñ€Ğ½Ğ½Ğ°ĞºĞ°Ñ€Ñ‚Ñƒ via ÑƒĞºÑ€Ğ°Ñ—Ğ½ÑÑŒĞºĞ¸Ğ¹ mig allied2win dailybusiness southafrica freemoney flight lifted irynavereshchuk commonsense mariupolevacuation tropical jungle datascience osce potash americans party militaryassistance diesel foxnews usaarmy breach nazirussia smallbusiness kyÃ¯v chinalockdown wojnanaukrainie lbt8005 captured movement theta simulating ĞºÑ€ĞµĞ´Ğ¸Ñ‚Ğ±ĞµĞ·Ğ¿Ñ€Ğ¾Ğ±Ğ»ĞµĞ¼ Î¼Î±ÏÎ¹Î¿Ï…Ï€Î¿Î»Î· sudradio ethiopia kamalaharris gunowner sudan ĞºÑ€ĞµĞ´Ğ¸Ñ‚Ğ¾Ğ½Ğ»Ğ°Ğ¹Ğ½ÑˆĞ²Ğ¸Ğ´ĞºĞ¾ volodymyrzelenskyy occepants 
365,52,5,0.9485960760405814,swiss bilecik mixerstreamer haber moda newrelease haberler citylife positivephotocontent travel magazin trend streetart bensound finans ekonomi gÃ¼ncel spor inox naturallandscape fashion tÃ¼rkiye gÃ¼ndem justchatting historicalromance yaÅŸam hayat photobook swissquartz donate victorinox sniper saÄŸlÄ±k twitchgamer streamer mystery diving architecture snipes photography manÅŸet pretty doÄŸa warzone twitchlive mens asayiÅŸ bursa twitchstreamers independence sondakika titanium 
1337,154,5,0.8714013673644689,inspirationalquotes cryptocurrency overcome cryptocurrencynews metaverse grandpaapecc matrix spiritual jobs cryptocommunity nftcollectors defi opensea god nftcollector blockchain mil nftdrops faith polygon nftphotography macc mentalhealth everyone inspiration motivation nftartwork foundation mondaymotivaton nftfamily success eth nftopensea grandpaapecountryclub artgallery cryptowhales nftcommuntiy artwork cannabis wednesday eliteforces friendship artist rbipolicy nftart challenge thescream nftmarketing getcrypto p2egame grandpaapechemistryclub nftcollection nolimit nftcommumity cybotz_nft twitter breakthough militaryfinance positivethinking galleryart thoughts benjaminbitcoin ethgiveaways truth nftforsale lfgrow fearless mondaythoughts terraluna bluechipnft marketingagency art newnftprofilepic win abstractart cryptoart nftgiveaways patriotism perspective nftcollections successxgreatness matic cryptoartist nftcommmunty crypto edvardmunch nftsold nftprojects community ape wisdom saveluna pablopicasso nfts digitalartist patriot telegram investors nftcommmunity arts_gallery blessed apecoin nftartist nftartgallery geflÃ¼chtete ethgiveaway digitalart nftproject foundationinvite gallery encouragement wagmi market nftnyc greatness ephesians320 born persia nftcommunity advice marketingtips openseanft arbeitgeber artistafemininainternacional cryptomarketing btc happiness ethereum arbeitserlaubnis bayc affirmations probablynothing triumph financialfreedom nftshill japanese miracles mindset metasmotivation terra contests nftgiveaway web3 picasso qotd istandwithukraine altcoin nftcollectibles realtalk collection elgrito nftarts nft gacc 
55,11,1,1.0,dolar siyasetdeÄŸilstandup cem binance atatÃ¼rk hakan miraydaner terra_luna alsancak cigli kararÄ±milletversin 
6,4,1,1.0,stickers comissions ĞºĞ¾Ğ¼Ñ–ÑˆĞºĞ¸ commissionsopen 
100,20,2,0.9736842105263157,islam globalwarming saveearth treeplantation religions worldpeace neighbours christian family plants secure weather forests forest earthday ahmadiyya society stopww3 charity global 
6,4,1,1.0,jumla wheatexport wheatexportban foodshortage 
16,8,2,0.9285714285714286,localhistory wwii stoningtonct bookreview connecticut pattonspayback patton netgalley 
101,17,2,0.8567927170868349,sportsgear katyperry outerwear product electricblue cartoon anonymous orange machine finger font justinbieber taylorswift13 personalprotectiveequipment glove automotivelighting sleeve 
455,59,3,0.9775895931522373,miscellaneous class manager vocab24 victorious xnitrox vocab24india basketball trackandfield winning grassroots men lineups thomascup indiansports league nevergiveup jogging race trackevent soccer team grassroots365 hoops codecanyon jrnbaglobalchampionship sports destiny future shooterselite speed jaipur builder share goals results creator daext editor competition maker hoopsnation clubbasketball travelbasketball videohive sport jrnba stockfootage stadium php matippuholisticeducation youth running badminton athletes matippu formations sprinting phpscripts 
76,16,2,0.9738095238095238,unveil meditation ease human russias nervoussystem banks mindfulness strength plans resilience yoga stressrelief sleep irest mentalfitness 
1,2,1,0.0,berthavonsuttner pacifists 
15,6,1,1.0,otd apush edchat otdh wwi sschat 
15,6,1,1.0,sdg16 sel peaceonearth empathy studentfilm teachsdg 
10,5,1,1.0,hunger forum actnow disasters creativesociety 
146,30,3,0.8806799083269674,adventure achieveyourgoals bhagawatgeeta drive bookplug writerofindia sas elves bhagavadgita readersoftwitter gitaganga bookpromo medieval thrudark sciencefictionfantasy aarondavidyeoman kingdom pushyourself read fantasy darkfantasy kult secrets booklover jaymorton successquotes bookbuzz writingcommunity successmindest book 
6,4,1,1.0,respect upliftment pride newdelhi 
28,8,1,1.0,transparent topceo22 objective topceo22live reporters arizhmukhammed arabwomenforum22 honest 
300,45,4,0.8618178502766316,arcade ue4 skill pcgaming indiewatch retro gaming indiegame steam indiedev chess teaching games unrealengine archrebel immortaltactics topdown vintage ã‚²ãƒ¼ãƒ  ccg retrogame pixelart release gamer cardgame madewithunity price scifi gamedeveloper gdwc2022 gamedesign game switch turnbased isometric videogame gamedevelopment asia unity tcg gamedev screenshotsaturday cardgames may squad 
47,17,3,0.8964222052457347,cosplay gun girlsfrontline empires drawing crossover fights queer aro acesro roleplay doodle roleplaying fierce viper monkey mlp 
100,19,2,0.8940020677636779,anzac iartg series kindlebooks bookworms amazon ww1 ian1 thriller amreading kindleunlimited goodreads free bestseller suspense bookbangs mustread thrillers historical 
3,3,1,1.0,accountability emergencies anticorruption 
99,24,2,0.944857738879478,ptsd airsoftteam vahealthcare shortreads rt housing legalassistance action militaryaction militarystyle cqb aftermath searchinghero airsoftgame arm disability radio assistance combat walkietalkie va varetirement shelter fighterpilot 
76,17,1,1.0,warbonds loyalty wargame battle competitive boardgames wargaming song musica instrumentals crusader lastcaress valkyrie vitoria songwriter producer tabletop 
28,8,1,1.0,authorjesseslade romance hot booktour giveaway bookboost thesealandthesinger onsale 
120,16,1,1.0,Ğ²Ğ¾ĞµĞ½Ğ½Ğ°ÑĞ¾Ğ¿ĞµÑ€Ğ°Ñ†Ğ¸Ñ Ğ°Ñ€Ğ¼Ğ¸ÑÑ€Ğ¾ÑÑĞ¸Ğ¸ Ğ³ĞµÑ€Ğ¾Ğ¸Ğ¾Ñ‚ĞµÑ‡ĞµÑÑ‚Ğ²Ğ° ÑĞ²Ğ¾ Ğ»Ğ´Ğ½Ñ€ armyrussia Ğ²ÑÑ€Ñ„ Ğ°Ñ€Ğ¼Ğ¸Ñ Ğ´Ğ¾Ğ½Ğ±Ğ°ÑÑ Ğ»Ğ½Ñ€ Ğ³ĞµÑ€Ğ¾Ğ¸ Ñ€Ğ°Ğ±Ğ¾Ñ‚Ğ°Ğ¹Ñ‚ĞµĞ±Ñ€Ğ°Ñ‚ÑŒÑ Ğ¼ĞµĞ»Ğ¸Ñ‚Ğ¾Ğ¿Ğ¾Ğ»ÑŒ Ğ³ĞµÑ€Ğ¾Ğ¸Ğ½Ğ°ÑˆĞµĞ³Ğ¾Ğ²Ñ€ĞµĞ¼ĞµĞ½Ğ¸ Ñ€Ğ°Ğ±Ğ¾Ñ‚Ğ°ĞµĞ¼Ğ±Ñ€Ğ°Ñ‚ Ğ´Ğ½Ñ€ 
3,3,1,1.0,flintwatercrisis buffalo whatisitgoodfor 
6,4,1,1.0,daysgone zombie pandemic days 
228,48,3,0.8636215392794337,cute ã‚¢ãƒ¼ãƒŸãƒ¼ yoongi withyou butter love_bts_day thatthat_psyxsuga withyoubyjimin streamfor_jhope btsedits btsarmy bts_proof btsjin parkjimin ãƒ¦ãƒ³ã‚® btsjimin foryou louderthanbombs ë°©íƒ„ê³¼_ì•„ë¯¸ê°€_í•¨ê»˜ë¼ë©´_ì‚¬ë§‰ë„_ë°”ë‹¤ê°€_ë˜ monicasahara ãƒãƒ³ã‚¿ãƒ³ jiminxhasungwoon_withyou btscomeback2022 btssuga btsjhope ã‚¸ãƒ³ãã‚“ streamfor_suga bts btsjungkook ã‚½ã‚¦ãƒ«ã‚³ãƒ³ btsrun beautifulgirl namjoon btsä¸‰æ˜§ djbluelatam affinitymayhem btsv çˆ½å¥ç¾èŒ¶loveãƒœãƒˆãƒ« ã°ã‚“ãŸã‚“ yettocome ë°©íƒ„ì†Œë…„ë‹¨ btsrm btsarmyrt thatthat aeshtetic bts_butter sin yettocome_bts 
279,28,2,0.8556410256410256,kookie taehyungv taehyung bangtanboys taehyungedit rm suga taekook jimin filter bts5th_birthday armybts taekookedit jungkookedit taetae v tata jeonjungkook jhope taehyungbts jin jungkook kookv kpop vkook jk tae kimtaehyung 
3,3,1,1.0,psy55thwin psycho thatthat3rdwin 
334,36,2,0.9814192343604107,manga kore maggieflecknoe amnesia sentaifilmworks shannonemerick hindistan endonezya korece malezya korean christopherayres kylejones ko gÃ¼neykore tayland seou allisonsumrall patrickpoole tylergalindo jayhickman Ã§in tayvan japonya houstonhayes mollysearcy blakeshepard japonca seul genevievesimmons japon godesu anime korea koredizileri korefilmleri 
1,2,1,0.0,armyã•ã‚“ã¨ç¹‹ãŒã‚ŠãŸã„ å¤§äººarmy 
11,6,2,0.7666666666666666,ã‚¯ã‚ªã‚º çˆ½å¥ç¾èŒ¶ bt21 ã‚¿ã‚¿ é˜²å¼¾å°‘å¹´å›£ ãƒãƒŸãƒ¼ 
1,2,1,0.0,ghostinthemachine holyghost 
93,18,2,0.9754901960784313,moneylaundering dailynews metropeoplenews usaid aidtoukraine lgb letsgobrandon elisestefanik trumpwon metropeople exposerinos mitchmcconnell newsupdate à®ªà¯‡à®°à®±à®¿à®µà®¾à®³à®©à¯_à®µà®¿à®Ÿà¯à®¤à®²à¯ˆ factsmatter maga à®ªà¯‡à®°à®±à®¿à®µà®¾à®³à®©à¯ greatawakening 
10,5,1,1.0,ssc 2compensatoryattempt4all extraattemptforall upsc ibps 
47,11,2,0.9676767676767676,kia deals shopsmallbiz shopping pow online mia wednesdaymotivation sales gifted freeshipping 
1,2,1,0.0,kookmin jikook 
6,4,1,1.0,isupportstudent à¤¸à¥‡à¤¨à¤¾à¤“à¤‚_à¤•à¥€_à¤­à¤°à¥à¤¤à¤¿à¤¯à¤¾à¤_à¤šà¤¾à¤²à¥‚_à¤•à¤°à¤¾à¤‡à¤ shifuji mastershifuji 
3,3,1,1.0,missing georgia donhightower 
3,3,1,1.0,bangtansonyeondan bangtan bbmas 
6,4,1,1.0,wtb wtp lightstik wts 
1,2,1,0.0,saturday kashmiris 
1,2,1,0.0,noah_ghc å¤¢ã®ç¶šãã¯å¤§ç”°åŒº 
21,7,1,1.0,kanu nigerian assasinate jump compound nnamdi bodies 
156,24,2,0.9802371541501976,motorists militaryfamily smart celebrationoflife memorial drivers cyclists marine dooring bikemonth grief safety dutchreach bike marines marinelife sympathy trucks findartthissummer officers jeeps traffic armycorpsofengineers vans 
1,2,1,0.0,bts9thanniversary 9yearswithbts 
3,3,1,1.0,blink lisa taelice 
15,6,1,1.0,chasseembarquee frenchnavy avgeek aircraftcarrier pilot aircraft 
21,7,1,1.0,blog policelife policeblog defendthepolice backtheblue johnnytactical bluelivesmatter 
72,15,2,0.9758241758241758,murder blackmen k9 thinblueline neighborhoodpatrols footpatrols georgefloyd mutualtrust mwd racialprofiling communitypolicing profiling warondrugs blacklivesmatter policebrutality 
745,104,3,0.8805528426241553,ã‚·ãƒ¥ãƒ¼ãƒ†ã‚£ãƒ³ã‚°ãƒ¬ãƒ³ã‚¸ æ–°ã—ã„ãƒ—ãƒ­ãƒ•ã‚£ãƒ¼ãƒ«ç”»åƒ ãƒ­ãƒ‡ã‚ªã‚¬ãƒ¬ãƒ¼ã‚¸ ãƒ˜ãƒƒã‚ºå·è¶Š ì „ë™ê±´ å®šä¾‹ä¼š å¤§äººã®éŠã³ åˆã‚¹ãƒŠã‚¤ãƒ‘ãƒ¼ l3plug ãƒ˜ãƒªã‚µãƒ å‹•ç”» wargames ã‚µãƒã‚²ãƒ¼ãƒãƒ¼ã•ã‚“ã¨ç¹‹ãŒã‚ŠãŸã„ oasisã‚µãƒã‚¤ãƒãƒ«ã‚²ãƒ¼ãƒ ãƒ•ã‚£ãƒ¼ãƒ«ãƒ‰ revanchistairsoft ã‚µãƒã‚²å¥³å­ ã‚µãƒã‚²ãƒ¼ ã‚µãƒã‚²ã‚¹ãƒãƒ¼ãƒ„ bbíƒ„ peqilluminator æ¬¡ä¸–ä»£é›»å‹•ã‚¬ãƒ³ ì„œë°”ì´ë²Œ æ—©è‰¯åŒº ã‚µãƒã‚²ãƒ¼ãƒãƒ¼ã¨ç¹‹ãŒã‚ŠãŸã„ ì·¨ë¯¸ ngalilluminator æš‡ãªã‚ªãƒƒã‚µãƒ³ bbã‚¸ãƒ£ãƒ³ã‚°ãƒ« ã‚µãƒã‚²ãƒ¼å¥³å­ äºˆç´„ä¸è¦ ngalla23 ã‚¢ãƒ‘ãƒ¼ãƒˆä¸€äººæš®ã‚‰ã— ãƒœãƒ«ãƒˆã‚¢ã‚¯ã‚·ãƒ§ãƒ³ãƒ©ã‚¤ãƒ•ãƒ« krytac ã‚²ãƒ«ãƒˆãƒªãƒƒã‚¯ ãƒ¢ãƒˆã‚¯ãƒ­ã‚¹ 14ccw ë©€í‹°ìº  ì—ì–´ì†Œí”„íŠ¸ê±´ ãƒã‚¤ã‚­ãƒ£ãƒ‘e ë°€ë¦¬í„°ë¦¬ blackboar ì—ì–´ì†Œí”„íŠ¸ ã‚«ãƒ•ã‚§ ì—ì–´ì†Œí”„íŠ¸ê²Œì´ë¨¸ handmade ã‚¹ãƒ”ãƒ¼ãƒ‰ã‚·ãƒ¥ãƒ¼ãƒ†ã‚£ãƒ³ã‚° crane ngallaser vsr ã‚·ãƒ¥ãƒ¼ãƒ†ã‚£ãƒ³ã‚° leviathan ã‚µãƒã‚²ãƒ¼ãƒ—ãƒ­ãƒ•ã‚£ãƒ¼ãƒ« ggarmament airsoft í•¸ë“œê±´ perst4 gbb ã‚µãƒã‚¤ãƒãƒ«ã‚²ãƒ¼ãƒ  ì„œë°”ì´ë²Œê²Œì„ ç‹¬èº« airsoftkorea é‡‘æ²¢å¸‚ irilluminator è»æ‹¡ nerf ã‚µãƒã‚²ãƒ¼è£…å‚™ craneconnector ã‚µãƒã‚² somogear icsairsoft festanoairsoft ç¦å²¡å¸‚ tacticalgirl æ±äº¬ãƒãƒ«ã‚¤ ã‚¨ã‚¢ã‚¬ãƒ³ maruimws ã‚µãƒ“ã‚­ãƒ¼ãƒæ–‰è—¤ã®éƒ¨å±‹ ãƒˆãƒ¬ãƒãƒ³ zombies ì‚¬ê²© peq15 æ¥½ã—ã„ ãƒ•ã‚©ãƒ¬ã‚¹ãƒˆãƒ¦ãƒ‹ã‚ªãƒ³ çŸ³å·çœŒ milsim ì´ scape é‡èŠ¥ å²¡å±± ã‚µãƒã£ã¡ã‚ƒ é›»å­ã‚¿ãƒ¼ã‚²ãƒƒãƒˆ airsoftgirl ê°€ìŠ¤ê±´ é›»å‹•ã‚¬ãƒ³ ngal aeternaday pewpew ë¹„ë¹„íƒ„ ê¸€ë¡ ã‚¢ã‚¦ãƒˆãƒ‰ã‚¢ jefftron åƒè‘‰çœŒ tmc3613 
1,2,1,0.0,costarica worldincurrency 
12,6,2,0.8444444444444444,quiz sunday chessquiz monday endgame puzzle 
3,3,1,1.0,shoutout patriotsveteransunite patriots 
443,47,2,0.9262577445206174,outdoor supervivencia ejercito cadets homesteading cuchillos miguelnieto outdoorsman country tactico fieldcraft bushcraft cuchilleriadeportiva policia prepping hillwalking seguridad outdoorskills offgrid scouts survival soldado motorcycling mosquitos mossies scotland survivalist walking fishing mountaineering cudeman prepper hiking camping bugout midges hunting angling dukeofedinburgh edc bugoutvehicle preppers apagon militar edcgear bugoutbag sailing 
3,3,1,1.0,nurses healthcare midcitiesmed 
10,5,1,1.0,civilian conscientious southkorea objector religiousfreedom 
6,4,1,1.0,seeairspace sercoandproud serco cansec2022 
15,6,1,1.0,njsbdcnjcu njcu hudsoncountynj jerseycity entrepreneurship armedforcesday 
55,11,1,1.0,bi papi gay onlyfans chimjxxx sir lgbt dl discrete muscle xxx 
55,14,2,0.967032967032967,weight dbeibeh orchistrated taking over capital bashagha notion place victim almighty feel government armed 
284,30,2,0.9081403064969329,throwpillow homedecor classicalsculpture celeres officedecor nero defeat taiche zeus statue mythology caria guard artefact armor greekmythology aphrodisias horse sebastion history greek wood armernia turkiye tshirt emperor frieze servingtray classical wallart 
1,2,1,0.0,digitalnatives dxsummit 
35,12,2,0.8696969696969697,extraterrestrial ufos uaps aviloeb media uap ufohearings ufotwitter ufohearing ufology aliens f2b 
23,8,2,0.9404761904761905,celebrityweightloss workouts weightloss celebritynews eatthis abs exercise weightlossplans 
28,8,1,1.0,connect tampa gsof aviation isr c5isr aerospace c4isr 
15,6,1,1.0,jobsearch techjobs infosecjobs hawthorne ca hiringnow 
220,25,2,0.9884057971014493,genesis wilesofthedevil science repentance deception suffering spiritualreality mercy jesus forgiveness atheism falseteachers spiritualwarfare spiritualtruths thefall thecross thegospel kindness militaryspouses demons symbolism satan grace thedevil manipulation 
66,12,1,1.0,ãƒ—ãƒ«ãƒãƒƒã‚¯ã‚«ãƒ¼ pullbackcar è¬è»Š daiso ãƒãƒ¼ãƒ–ãƒ©ãƒ³ãƒ‰ modelcar ãƒŸãƒªã‚¿ãƒªãƒ¼ genericbrand ãƒ€ã‚¤ã‚½ãƒ¼ ãƒŸãƒ‹ã‚«ãƒ¼ miniaturecar miniature 
0,1,0,0.0,ssa 
21,7,1,1.0,wordpress militaryhistorybooks booktwitter militarybooks militarybooklovers boostagram tenk 
1,2,1,0.0,industrial inspection 
3,3,1,1.0,civilwar vicksburg usscairo 
21,7,1,1.0,gamingcommunity photooftheday photographer gta5 gamers grandtheftautov bornova 
51,14,2,0.8616383616383617,linkbuilding dentalpatients dentistoffice onlinebusiness marketing digitalmarketing proven bookmarketing businesstips canopymedia dentalmarketing testimonial roi natural 
15,6,1,1.0,infantryman infantrylife grit strong hard natostrong 
15,6,1,1.0,à¸”à¸¹à¸”à¸„à¸§à¸¢ gxcmen suckcock à¸Šà¸±à¸à¸§à¹ˆà¸²à¸§ handjob bondage 
28,8,1,1.0,é™å²¡çœŒ é™¸ä¸Šè‡ªè¡›éšŠ shooting æ»ãƒ¶åŸé§å±¯åœ° ï¼’ï¼å¼å°éŠƒ æ™®é€šç§‘æ•™å°é€£éšŠ è‡ªè¡›éšŠ å¾¡æ®¿å ´å¸‚ 
1,2,1,0.0,freetoplay caliber 
21,7,1,1.0,alemanha vitÃ³ria eua rÃºssia londres novazelÃ¢ndia cÃ¢mara 
3,3,1,1.0,nazisucranianos nazisalemanes 2daguerramundial 
65,15,3,0.8002752802752802,europa eloriginal eue proyectocentenario aardgas pasaporteeuropeo unitedstatesofeurope europeoreal realeuropeans europeosreales dnieuropeo use frankfurt estadosunidosdeeuropa europeos 
1,2,1,0.0,munich oktoberfest 
0,1,0,0.0,kuleba 
2,3,2,0.0,practicasgipe empleabilidad gipeua 
40,15,2,0.9523809523809524,ã‚¢ã‚¤ãƒ² honesty uaãƒ©ã‚¤ãƒ– å¤©æ²³å¤§å¼è²¡å¤©å¥‰ç´ã‚³ãƒ³ã‚µãƒ¼ãƒˆ ä¸­æ‘ä½³ç©‚ uaep æ± ä¸Šæœ¬é–€å¯ºãƒ©ã‚¤ãƒ– ã‚³ãƒ¡ãƒ³ãƒˆãƒªãƒ¬ãƒ¼ ã‚¦ãƒ¼ã‚¢ aur ãƒ©ã‚¤ãƒ–æ˜ åƒ are_u_romantic å¾®ç†± å¤©æ²³ãƒ©ã‚¤ãƒ– æ°¸ç€¬æ­£æ• 
15,6,1,1.0,universidadealicante talento empleo emprendimiento maratonempleoua xxiiimaratonua 
3,3,1,1.0,icann idn mednsf2022 
1,2,1,0.0,copernicus informationssatellitaires 
1,2,1,0.0,marruecos sahel 
1,2,1,0.0,digitalinteraction deca 
163,25,2,0.9483802216538788,italya ka220sch ka104 istanbul womenandwelfare federalgermanparliament adulttrainingcourses courses2022 erasmusplustÃ¼rkiye schooleducation ab ka220adu sulakyurthalkegitimmerkezi ka220vet erasmusplus ulusalajans erasmus ka122 ka101 teachertraining bundestag school teachertrainingcourse coaching ardaberatungbildung 
51,14,2,0.9633699633699634,pisos nuevocurso universidad alicante ingenierÃ­acivil sanvicentedelraspeig arquitecturatecnica etresconsultores estudiantes pisoscompartidos universitarios universidaddealicante prÃ¡cticas elche 
99,19,2,0.9752321981424149,fearthereaper apexå‹Ÿé›† ronin oneclip apexè‡ªå·±ç´¹ä»‹ã‚«ãƒ¼ãƒ‰ apexlegendsmobile apexå‹Ÿé›†switch apexlegends apexlegendsclips feelthebreeze shamfam apexclips uprising fearthecold apexlegendsç”·å­ upr vacantarising ps5share diablomob 
28,8,1,1.0,gd taeyang bigbang top vip daesung be_like ë¹…ë±… 
55,11,1,1.0,pl rail haulage farming networks ro tent port lt ru seeds 
1,2,1,0.0,lletresua faculletres 
28,8,1,1.0,ã‚°ã‚¢ãƒ  hereweguam ã‚¢ãƒ¡ãƒªã‚«ãƒ³ãƒªã‚¾ãƒ¼ãƒˆ æµ·å¤–æ—…è¡Œ gogoguam æ’®å½±éšŠ unitedairlines guam 
10,5,1,1.0,motoryzacja inflacja automotive gospodarce ceny 
1,2,1,0.0,unitatdaran valdaran 
61,23,4,0.898844186504033,tips shoutoutsaturday socialmedia weekendvibes airfreighter mondaymotivation healthyeating mondaymood healthy be f16 alcoholicdrinks traveltuesday airport nl cn lazysunday healthathome tuesdaythoughts tuesdaytip hangover sundayfunday mondaymorning 
3,3,1,1.0,ãã‚‹ã‚Š ãƒ•ãƒ©ãƒ¬ãƒ‡ã‚£ å²¸ç”°ç¹ 
10,5,1,1.0,nami765 fmcocolo765 ã‚«ãƒ©ãƒ¼ 765èŠ± ãƒ¯ãƒ³ãƒ€ãƒ¼765 
45,10,1,1.0,å®‰å®¤å¥ˆç¾æµ ã‚¹ãƒã‚¤ãƒ¬ãƒ¼ã‚¸ deen å¾Œè—¤çœŸå¸Œ å¤§å€‰å¿ ç¾© å¤§å€‰å¿ ç¾©èª•ç”Ÿç¥­ lr ä»Šæ—¥ã¯ã“ã¨ã°ã®æ—¥2022 sixtones éŠåŠ© 
12,7,2,0.9142857142857144,armareforger germanmediart arma3screenshots pmc roadtoarma4 arma3artwork arma3 
18,8,2,0.9404761904761905,themoreyouknow dyk socnorth tradewinds knowyourmil tradewinds22 7thsfg ussocom 
28,8,1,1.0,defenceforces armyrangerwing armyranger shadowwarriors hellweek arw rangerwing irisharmy 
55,11,1,1.0,lifehurdles trainingday rapidhacek top10 commandochallenge requirements bestoftheday royalrapidhacek trainingmotivation specialforcesgroup2 nationwide 
88,16,2,0.9238095238095237,cbsfanflex jasonhayes sealteamuk davidboreanaz bravo1 sealteameeason6 sonnyquinn devgru followmeoninstagram supportourvets ajbuckley noeasyday bravoteam sealteam sealteamfans sealteamart 
3,3,1,1.0,ottawa freedomconvoy cdnpoli 
15,6,1,1.0,jÃ¶h turkisharmedforces tskÃ¶k pÃ¶h tÃ¼rkiyecumhuriyetihÃ¼kÃ¼meti tafsf 
10,5,1,1.0,beefjerky jerky snacks patriotprovisions allproceeds 
16,8,2,0.9285714285714286,arktis tacticalstore camouflage combatgear uksf invadergear allterrain rÃ¶dastjÃ¤rnan 
3,3,1,1.0,tsk bordobereliler Ã¶zelkuvvetler 
129,26,3,0.9387351778656127,ufo nfl stream pes2021 tailgate coachmode bwtmsports manutd x live careermode ã‚µãƒƒã‚«ãƒ¼ triangle desert arizonacardinals philadelphiaeagles subscribe livestream fifa22 followforfollow nflfans supportsmallstreamers football ps4live cornhole æˆ¦è¡“ 
10,5,1,1.0,fano edf amharamilitia afar endf 
3,3,1,1.0,airborne instridewiththefuture airborneexercise 
15,6,1,1.0,ignite ndia suas uas drones defenseinnovation 
146,24,2,0.9785902503293809,aktivistmann rheinlandpfalz kindesmissbrauch jessiemarson mundschutz test hunsrÃ¼ck corona nwo pfalz supersoldat warnampel infizierte nahe statistic eliten folgedemgeld nahenews papst schwereschuld adrenochrome rheinhessen nahelandnews omikron 
3,3,1,1.0,smu jtf2 cansofcom 
6,4,1,1.0,mentalekracht kampvankoningsbrugge daicarter nuofnooit 
152,32,3,0.9542696886446886,honor photo friozinho leadãƒãƒƒã‚¯ãƒŠãƒ³ãƒãƒ¼ fakenews noticias celebridades pirassununga saopaulo fake lead modelo snow inspire frio stories brasil goodmorning beyourself åŒ—æ‘è«’ celebrities falso sp neve hate erro model celebrity kindnessmatters ig mairacardi ryo 
3,3,1,1.0,esercitorusso Ñ€ÑƒÑÑĞºĞ¸Ğ¹ÑĞ¾Ğ»Ğ´Ğ°Ñ‚ Ñ€ÑƒÑÑĞºĞ°ÑĞ°Ñ€Ğ¼Ğ¸Ñ 
3,3,1,1.0,esteri dirittiumani opencamera 
1,2,1,0.0,ukraineonfire odessamassacre 
6,4,1,1.0,arseniyfedosyuk Ğ°Ñ€ÑĞµĞ½Ğ¸ÑÑ„ĞµĞ´Ğ¾ÑÑĞºÑƒ pussyriot papafrancesco 
3,3,1,1.0,francophilie brocante marchÃ©s 
1,2,1,0.0,ucraniarussia ucraniabajofuego 
71,14,2,0.9633699633699634,kickswars tedo hydroflask wrmfzy housepartydistro opscore supdef oakley sneakers spiritussystems qirotactical èŒ¨åŸç’°å¢ƒä¿è­·æ©Ÿæ§‹ èŒ¨åŸç’°å¢ƒé–‹ç™ºæ©Ÿæ§‹ supreme 
1,2,1,0.0,metaquest2 vr 
38,10,2,0.961111111111111,leatherman tokyomarui leathermantool ak74m gopro glock17gen4 ak74 glock olightukraine glock17 
15,6,1,1.0,ç¾©å‹‡å…µ ç”Ÿå­˜éŠæˆ²å°ˆè³£åº— å°åŒ—æ§åº— ç”Ÿå­˜éŠæˆ² æ§åº—æ¨è–¦ åŒ—è»Šæ§åº— 
329,45,3,0.9279953995600688,airsoftlove airsoftguns airsoftphoto airsoftpewpew airsoftpicture indonesia airsoftnation airsoftworld ssp1 airsoftnmoredotcom grizzlyxrayairsoft worldairsoft airsoftcommunity airsoftshooting airsoftsumsel airsoftsumatera sniperpalembang airsoftpalembang airsoftedit airsofterpalembang aeg warpedopsairsoft airsoftinternational worldwideairsoft airsoftnmore softair palembang anm airsoftaddict lctairsoft socalairsoft novritsch bbguns airsoftbelgium airsoftbadassery airsoftplayer hicapa airsofterindonesia airsofter airsoftworldwide airsofterphoto unitedweairsoft airsoftwarrior bbwarz airsoftgun 
3,3,1,1.0,semperfi recreation event 
6,4,1,1.0,ares croydon bbs onlineshopping 
42,12,2,0.9636363636363635,helmet backpacks ëª¸ê³ ì¦ gear platecarriersetup tacticool emergency platecarrier í—¬ìŠ¤íƒ€ê·¸ë¨ backpack í—¬ìŠ¤ helmetlovers 
15,6,1,1.0,ebb evike kingarms guarder matrixairsoft titanpower 
1,2,1,0.0,conflictresolution medal 
3,3,1,1.0,atiairsoft sub5 3dprinted 
10,5,1,1.0,short gbbr airsoftgi hk416 gasblowback 
3,3,1,1.0,lct akm multicam 
28,8,1,1.0,pistol sidearm vfc p320 sigsauer co2 review m17 
6,4,1,1.0,spsystem jkarmy mws prozishop 
3,3,1,1.0,s_zinrai innocence zeek 
3,3,1,1.0,airsoftadvice airsoftgear speedsoft 
2,3,2,0.0,theboys readyornot fun 
11,6,2,0.8666666666666666,m16carbine m651 m16a1gbb ar15 m16 m16a1 
21,7,1,1.0,rando vintageshop ascension surplus tours chasse peche 
15,7,2,0.8857142857142856,jawatimur cqbairsoft malang fmamask batu speedqbindonesia speedqb 
66,12,1,1.0,tmc airsoftukcom airsoftspain weapon762 chestrig airsoftespaÃ±a airsoftchestrig airsoftfrance airsoftitalia airsofteurope airsoftgermany tmcairsoft 
3,3,1,1.0,arenadeairsoft confraternizaÃ§Ã£odefimdeano confraternizacao 
0,1,0,0.0,vforukraine 
1,2,1,0.0,Ñ”Ğ²Ñ€Ğ¾Ğ±Ğ°Ñ‡ĞµĞ½Ğ½Ñ2022 ĞºĞ°Ğ»ÑƒÑˆ 
3,3,1,1.0,nftdrop nftauction nowarinukraine 
21,7,1,1.0,surendranagar cheating luck bjp gujarat chandresh_patel hope 
1,2,1,0.0,sumika ã‚¤ã‚¨ãƒ¢ãƒ³ 
6,4,1,1.0,ubuntufootball youthdevelopment academy youthfootball 
78,23,2,0.8498023715415018,leadership walterscott intelligentmarketing process petersellers kolehardfacts mobile senecatheyounger phobies haileselassie playstore amartyasen tft smokingguninteractive claudeshannon tonygavin lulugamepassultimate indie contentmarketing strategy contentsniper ronniescrewvala rogerscruton 
6,4,1,1.0,projects trainingsession s2smarketing peshawar 
1,2,1,0.0,jrpg trianglestrategy 
6,4,1,1.0,ã‚¿ã‚¯ãƒ†ã‚£ã‚¯ã‚¹ ãƒã‚§ã‚¹jp ãƒã‚§ã‚¹ checkmate 
6,4,1,1.0,levelgames pixeltactics davidbtalton pixel 
1,2,1,0.0,hindutva saffronterror 
10,5,1,1.0,gearsofwar letsplay gearstactics gears gearsfam 
36,9,1,1.0,techtrends nextsteps innovation howto softwareasaservice businessgrowth businessstrategy startups techtips 
10,5,1,1.0,madewithspine zechatactics rpg spine2d mecha 
36,9,1,1.0,treinador futebol coach gameprinciples sistemastÃ¡cticos jogabonito treino principiosdejogo practice 
21,7,1,1.0,buyermarketing buyproperty buyersadvocate melbre negotiating buyersagent melbourne 
3,3,1,1.0,candidates jewish democratic 
91,20,1,1.0,rice pay vivo launched to musk vivox80series smartphone unpredictable newsbreak lower projection elon vivox80pro vivox80 negotiate trendingtweet for revenue imx866 
3,3,1,1.0,à¤–à¤²à¤¿à¤¹à¤¾à¤¨ à¤°à¤¾à¤®à¤¾à¤µà¤¤à¥€ à¤…à¤µà¥ˆà¤§_à¤¨à¤¿à¤°à¥à¤®à¤¾à¤£ 
15,6,1,1.0,pep ucl messi bermudatriangle uclfinal reinventingthegame 
1,2,1,0.0,tictacufo ukrainiangunners 
10,5,1,1.0,arresi militari battaglione faranno sole 
3,3,1,1.0,Î²Î¿Ï…Î»Î·Ï‚ Î¼ÎµÏƒÎ¿Î»Î¿Î³Î³Î¹ ÎºÎ±Î¼Î±Î»Î± 
3,3,1,1.0,streamatemodel leadileo sempreli 
10,5,1,1.0,trieste merlino manganellato italiano chef 
6,4,1,1.0,liz_truss vladimir_putin _war_in_ukraine thelevant 
1,2,1,0.0,raisinadialogue2022 g20 
1,2,1,0.0,kosovo loehansk 
3,3,1,1.0,catterickgarrison bradford durham 
3,3,1,1.0,cassino commemorated italian 
6,4,1,1.0,ã‚¢ãƒ¡ãƒªã‚«ãƒ³ãƒ•ãƒƒãƒˆãƒœãƒ¼ãƒ« ã‚¢ãƒ¡ãƒ•ãƒˆ è¿½æ‰‹é–€å­¦é™¢å¤§å­¦ americanfootball 
6,5,2,0.8666666666666666,defendereurope oberlausitz warriorwednesday grenadier alwaysready 
1,2,1,0.0,fridayvibes forgethefuture 
6,4,1,1.0,airmen armedforcesweek guardians sailors 
15,6,1,1.0,esb traintowin eib expertsmadehere experts efmb 
3,3,1,1.0,celebratechesterlife lpfamily linkinpark 
21,7,1,1.0,base phoenix colorado cardinals westvirginia brewers 4for4 
66,12,1,1.0,rossiya pravitel zhopa voyennykh pravdu svobodu yes poucheniye bortsy oon ukrainskikh soldat 
1,2,1,0.0,russianthinking interrogate 
10,5,1,1.0,service selfless birthday warriorcitizens saythanks 
3,3,1,1.0,nh90 â„™ğ•šğ•”ğ•†ğ•—ğ•‹ğ•™ğ•–ğ”»ğ•’ğ•ª belgianarmy 
4,4,2,0.5833333333333333,armyleadership armyteam peoplefirst readiness 
1,2,1,0.0,trainingtuesday interoperability 
1,2,1,0.0,ltte may18genosider 
155,29,3,0.9407309165929855,cdc covidvaccine coronavirustips alzheimers dementia catholictwitter usa_first aging socialsecurity catholiccharities stolenvalor bestqualitycopies immunesystem olderamericans tricare automaticbillpayment vfw banking valor bodyhealth cancer dr wellness obesity healthtips insurance health retirees medicare 
36,9,1,1.0,erotismo fitness soldadolatino bodybuilding fit sexysymbol hotsoldier paisa colombiano 
6,4,1,1.0,marara22 freeandopenindopacific jointforce friendspartnersallies 
21,7,1,1.0,jeetegakaunhindustan sagarshirgaonkar bhushankumar anek krishankumar shivchanana dhrubdubey 
15,6,1,1.0,å°ã•ãªæ‹ã®ãƒ¡ãƒ­ãƒ‡ã‚£ åä½œ melodyfair åç›¤ åæ›² beegees 
1,2,1,0.0,mediazet laz 
0,1,0,0.0,ansa 
2,3,2,0.0,Ğ²Ğ°Ñ€Ñ‚Ğ°1 Ğ´ĞµĞ½ÑŒĞ²Ğ¸ÑˆĞ¸Ğ²Ğ°Ğ½ĞºĞ¸ Ğ»ÑŒĞ²Ñ–Ğ² 
36,9,1,1.0,detikevent à¸›à¹Šà¸²à¸¢à¸›à¸²à¸¢à¹‚à¸­à¸£à¸´à¹‚à¸­à¹‰ ÙˆØ³Ø§Ù…_ØªÙ†Ø§Ø´Ø¯_ÙˆÙ„ÙŠ_Ø§Ù„Ø¹Ù‡Ø¯ Ø³ÙƒØ±Ø¨Øª1 johnnydepp ØªØ¹Ù„ÙŠÙ‚_Ø§Ù„Ø¯Ø±Ø§Ø³Ø© à¸‹à¸µà¹€à¸à¸¡à¸ªà¹Œ2022 amberheard gyanvapishivlingexpose 
1,2,1,0.0,jazzfmbreakfast musicaidforukraine 
21,7,1,1.0,intermarche girmay biniam eritreashinesat31 italia eritrea matheiu 
36,12,2,0.9545454545454546,gamerlife callofdutywarzone nintendoswitch xboxseriesx battleroyale couplegoals videoviral rebirthisland rebirthduos fortnite epicgames callofduty 
10,5,1,1.0,climbing mountain thankful milestone celebrate 
6,4,1,1.0,wewant2live globalcrisis enemy trailer 
16,8,2,0.9285714285714286,triforces srilanka tamilnews lka thurstancollegeofficial nationalwarmemorial promotion thurstancollege 
6,4,1,1.0,maadyb blessedandgrateful winners maadish 
11,6,2,0.7666666666666666,malaimurasu aiadmk perarivalan jayalalitta tamilnadu cmiatamil 
1,2,1,0.0,mama nogas 
1,2,1,0.0,à¤šà¤®à¥à¤ªà¤¾à¤µà¤¤_à¤•à¥€_à¤¹à¤¾à¤®à¥€_à¤ªà¥à¤·à¥à¤•à¤°_à¤§à¤¾à¤®à¥€ à¤®à¤œà¤¬à¥‚à¤¤_à¤‡à¤°à¤¾à¤¦à¥‡_à¤ªà¥‚à¤°à¥‡_à¤¹à¥‹à¤‚à¤—à¥‡_à¤¹à¤°_à¤µà¤¾à¤¦à¥‡ 
1,2,1,0.0,morningcall portsmouth 
6,4,1,1.0,expansion opportunities chances 10x 
10,5,1,1.0,nolimits achieve myunbreakablestory believe challengeyourbeliefs 
3,3,1,1.0,sacramento victorycampaign kcmevent 
15,7,2,0.8857142857142858,thomascup2022 proudmoment hdfcbank champions teamindia yonexbadminton badmintonindonesia 
3,3,1,1.0,escapegames sanbernardino artifact 
3,3,1,1.0,dreams effort gym 
3,3,1,1.0,mortara devries eprix 
6,4,1,1.0,goodriddance vrchat metaslutverse vsfstudios 
203,23,2,0.885827216261999,homerun georgespringer bluejays tripleleads mlbhighlights joseberrios torvssea berrios springertriple mariners greatstart shutout gamethread homers bluejaysvsmariners consecutivevictory highlights toronto springer jays gamerecap mlb torontobluejays 
15,6,1,1.0,thanksgiving opinyon motorcade mayorernierubiano pasaycity pasay 
10,5,1,1.0,worldcup indiantournament goldmedal tournament indianteam 
15,6,1,1.0,quoteoftheday giantaccomplishments thecityistaken thestandingchurch takeovergeneration thepowerofgodisourasset 
104,16,2,0.9238095238095239,pennsylvania fetterman pa pagov montgomerycounty joshshapiro philadelphia democrats fettermanforsenate johnfetterman upperdublintownship upperdublin governor giselefetterman montgomerycountypa shapiroforgovernor 
3,3,1,1.0,womenoffaith pray lifeverse 
6,4,1,1.0,loss ipl2022 iplupdate indianews 
1,2,1,0.0,imsaatmo imsa 
28,8,1,1.0,13years srlanka srilankaairforce srlankaforces salute victorydaysl srilankanavy srilankaarmy 
1,2,1,0.0,partent composite 
1,2,1,0.0,filmtwitter filmcritic 
1,2,1,0.0,baobaoseungri leeseunghyun 
10,5,1,1.0,credit modi gov lucknow amitshah 
45,10,1,1.0,champion boxing klimasmanagement krusher winner kovalevpulev waytotheworldtitle mainevents kovalev triller 
10,5,1,1.0,trickwilliams solasikoa carmellowhayes camerongrimes wwenxt 
3,3,1,1.0,vendetta visitors vengeance 
15,6,1,1.0,katabijak hmministry arayministry andikasetyawanaray bangunjiwa glministry 
3,3,1,1.0,liverpool southampton comeback 
3,3,1,1.0,ãƒŠãƒƒãƒˆã‚¦ ç´è±† å®‰å€ã§ã™ 
1,2,1,0.0,natowarcrimes turkishwarcrimes 
1,2,1,0.0,iÌ‡svec fahrettinaltun 
3,3,1,1.0,terÃ¶r finlandiya iÌ‡sveÃ§ 
0,1,0,0.0,cryptopunksnfts 
15,6,1,1.0,ãƒ­ã‚·ã‚¢ ã‚¹ã‚«ãƒ³ãƒ‡ã‚£ãƒŠãƒ“ã‚¢åŠå³¶ åŒ—æ¬§ ã‚¦ã‚¯ãƒ©ã‚¤ãƒŠä¾µæ”» åŒ—å¤§è¥¿æ´‹æ¡ç´„æ©Ÿæ§‹ ã‚¹ã‚¦ã‚§ãƒ¼ãƒ‡ãƒ³ 
10,5,1,1.0,goodnews goodnewsukraine onlygoodnewsdaily borodianka railways 
6,4,1,1.0,ukrainedancer dancer heels ukrainegirls 
41,14,3,0.8360698824984539,ã¾ã™ã¾ã‚‹ã‚‰ã˜ãŠ ä¸­ä¸¸é›„ä¸€ ã‚½ãƒ¬ãƒ€ãƒ¡ tver radiko å‰ç¥¥å¯ºãƒ«ãƒ¼ã‚¶ãƒ¼ã‚º news_loser_ä¸‰éŠƒå£« je_record kã¡ã‚ƒã‚“news greeeen loser ã‚¸ãƒ£ãƒ‹ãƒ¼ã‚º ä¸‰éŠƒå£« å¢—ç”°è²´ä¹… 
51,12,2,0.8636363636363636,energynews steam_turbine energy air_handling_units energyindustry power businessnews waste_heat_recovery industrynews industrial_gearbox cryogenic_pump blockchain_in_energy 
6,4,1,1.0,seoinguk ì„œì¸êµ­ ã‚½ãƒ»ã‚¤ãƒ³ã‚°ã‚¯ ç¾ç”·å ‚ 
6,4,1,1.0,lucy í•­ìƒ_ì—”ì§„ì„_ì¼œë‘˜ê»˜ ë£¨ì‹œ í•­ìƒì—”ì§„ì„ì¼œë‘˜ê»˜ 
2,3,2,0.0,medien medienmitteilung ots 
38,12,2,0.9575757575757576,ç¥è–ãªæœ¨ åŠ è—¤ã‚·ã‚²ã‚¢ã‚­ é¦™ã‚Š æœ‰ç·š usen ãƒ«ãƒ¼ãƒ ãƒ•ãƒ¬ã‚°ãƒ©ãƒ³ã‚¹ æµ„åŒ– å°å±±æ…¶ä¸€éƒ ãƒ‘ãƒ­ã‚µãƒ³ãƒˆ newsãªç¾æ„è­˜ ç™’ã— umgarden 
1,2,1,0.0,tvã‚¬ã‚¤ãƒ‰person ãƒ¬ã‚¹ãƒªãƒ¼ãƒ»ã‚­ãƒ¼ 
1,2,1,0.0,minnathimthethwa nathimthethwa 
3,3,1,1.0,jayz ambitiouzentertainment bigxhosa 
1,2,1,0.0,smartwatches huawei 
1,2,1,0.0,fthm patreon 
1,2,1,0.0,ì˜¤ë©”ê°€ì—‘ìŠ¤ omega_x 
15,6,1,1.0,kimjaekyung againmylife ì–´ê²Œì¸ë§ˆì´ë¼ì´í”„ leejoongi ì´ì¤€ê¸° ê¹€ì¬ê²½ 
50,13,2,0.9347319347319348,newsalert à¦•à¦¾à¦²à§‡à¦°à¦•à¦£à§à¦  somoytv newsupdates somoysports somoy kalerkanthonews thekalerkantho internationalnews pollution thelancet kalerkantho somoynews 
6,4,1,1.0,ì•„ìŠ¤íŠ¸ë¡œ candysugarpop drive_to_the_starry_road astro 
10,5,1,1.0,chat southeastradio yourviews podcast morningmix 
6,4,1,1.0,information stayupdate updates worldwidenews 
15,6,1,1.0,highcourt latest legalnews indiannews legal latestlaws 
36,9,1,1.0,rprovenance objects artifacts obaofbenin stanleymuseumofart stolen repatriate midwestagendaartnews iowa 
10,5,1,1.0,Ù…Ø¬Ù„Ø³_Ø§Ù„ÙˆØ²Ø±Ø§Ø¡ Ø¬Ø¯ÙˆÙ„_Ø§Ù„Ø§Ø¹Ù…Ø§Ù„ beirut24 lebanon Ù„Ø¨Ù†Ø§Ù† 
21,7,1,1.0,2023presidency deborah ipob frontpage insecurity pdp independentnewspapers 
1,2,1,0.0,topstories berkleybearnews 
3,3,1,1.0,healthvisitorservice familyassistsolent digitalpatient 
6,4,1,1.0,aniground swordartonline otaku discord 
1,2,1,0.0,wildtrails wildlife 
6,4,1,1.0,gangdongwon kangdongwon ê°•ë™ì› à¸„à¸±à¸‡à¸”à¸‡à¸§à¸­à¸™ 
1,2,1,0.0,rewari haryana 
